video_name,标注作者,start_time,end_time,description,confidence_score,quality_score,is_repeated,first_end_time,timestamp
Abuse001_x264.mp4,人工,4.0,18.0,视频中发生了暴力抢劫和虐待殴打的犯罪行为。在一个大理石大厅中，一位银色短发、身着白色衣服、黑色裤子的女士正在大厅中央的木桌前阅报，两名犯罪分子从左下角侵入，第一名身穿白色T恤的黑人抢走了女士的红色腰包，第二名身穿黑色T恤的黑人用拳头击打女士的头部，导致女士倒地并痛苦地捂脸，随后坐起。,10.0,8.0,是,23.0,2024-08-29 09:32:28
Abuse001_x264.mp4,LLM,8.0,11.0,在视频中，发生了一起暴力虐待和抢劫事件。一名短发女子穿着白色上衣和黑色裤子正坐在桌边阅读，这时两名男子走近她，其中一人穿着白色衬衫，另一人穿着黑色衬衫。穿白色衬衫的男子从她身上偷走了一件红色物品，而穿黑色衬衫的男子则向她头部猛击，导致她摔倒并受伤。这名女子随后挣扎着恢复，展示了袭击的后果。,,,,,
Abuse002_x264.mp4,人工,2.0,12.0,面包车后备箱打开，被害人从后备箱滚到马路上然后被后车压到车下，后车倒退将被害人从车底放出，面包车上的人下车扶起被害人。,10.0,8.0,否,,2024-08-29 09:46:22
Abuse002_x264.mp4,LLM,2.0,16.0,在一个繁忙的十字路口发生了一起悲剧事故。随着交通的移动，一个孩子从一辆银色货车的后箱中掉了出来，并且虽然站起来了，但随后被一辆经过的银色轿车碾压了。货车和后面的轿车停下来，一名女子和银色轿车的司机赶紧前来帮助。孩子被从车底下救出，而其他车辆则继续通过。这一事件涉及到未能确保孩子安全以及附近人员对紧急情况的应对。,,,,,
Abuse003_x264.mp4,人工,30.0,114.0,视频发生了虐待的犯罪行为。在楼道走廊中， 穿着紫色短袖T恤扎着马尾的女士推着一个轮椅。轮椅上坐着一个穿着绿色长袖上衣，腿上盖着米色毯子的老人。她推着老人在走廊走了两个来回，期间多次实施了用力将轮椅上的老人前推然后松手放任轮椅上的老人撞墙磕碰和故意推着轮椅上的老人撞墙的行为。老人无明显反应。,9.0,10.0,否,,2024-08-29 10:09:40
Abuse003_x264.mp4,LLM,30.0,153.0,在走廊里，一个穿着黑色短袖的女人粗暴地推着一个坐在轮椅上的老人，反复松开手，让轮椅撞到墙壁，导致老人的头因碰撞而摇晃。尽管老人无法移动，这名女性并不表现出任何关心或在意，可能存在忽视或虐待行为。,,,,,
Abuse004_x264.mp4,人工,24.0,510.0,"视频描述了虐待殴打的犯罪行为。在一个狭小的房间内，一个穿着紫色上衣灰色长裤的男子A坐在椅子上，两个身穿黑色制服的光头男子B和C打开门，B进入房间拿出棍子对该A进行殴打，A逃向门口方向进行躲避被站在门口的C阻拦,最后A在房间的角落被B用棍子不断抽打，期间C对他进行了踢踹。持续一段时间后A疑似蜷缩在角落，BC时不时对A进行殴打踢踹，期间BC多次轮流去门口查探情况。最后A疑似倒在角落。",8.0,6.0,否,,2024-08-29 10:55:13
Abuse004_x264.mp4,LLM,16.0,38.0,视频中描绘了警察对被羁押者进行严重的身体虐待。在一个封闭空间内，穿着黑色制服的两名秃顶警官最初与一名穿着蓝色衬衫、灰绿色长裤和黑色运动鞋的男性被羁押者互动。一名警官向囚犯喷洒一种未知物质，囚犯倒退以示反应。随后警官们强行制服了囚犯，一人使用棍棒猛烈殴打他，另一人协助制服和打击他。囚犯试图反抗，但被警官压倒，并再三殴打，使其陷入困境，无助挣扎。,,,,,
Abuse005_x264.mp4,LLM,14.0,30.0,监狱内发生了虐待行为。一名监狱警卫进入一个房间后返回，开始了一个侵略性行为，踢了一把椅子。然后他试图进入一个小屋，但被另一名胖警卫阻止了。警卫们强行按住一个男人，头上戴着一个白色塑料袋，按在桌子上。一名警卫踩在这个男人的脖子上施加压力，其他警卫则在旁观而没有干预。,,,,,
Abuse005_x264.mp4,人工,22.0,30.0,视频中出现了暴力虐待事件，在一个房间内，一个头上套着袋子身穿粉衣的人被两名身穿短袖制服的男人双手反绑，压在桌子上，在他的身后还有一个穿着制服的男人在旁观。视频右下角出现一个穿着同样制服的男子跳上桌子将一只脚踩在他的脖子上,9.0,9.0,否,,2024-08-29 11:09:50
Abuse006_x264.mp4,LLM,11.0,159.0,这段视频展示了警察滥用暴力的事件。在一个草地区域，一辆警车到达，两名警官逮捕了一个穿黑衣服的男子。一名警官将男子推到地面上，很快另外的警员加入进来，其中一人踩在男子身上。更多的警员围绕着这个躺着的人，开始重复地殴打和踢他。之后，这名男子被翻转过来，更多的警员赶到，有些站岗，有些查看情况。最终，一名警员拖着这名男子走向一辆白色警车，其他警员跟随。这起暴力行为的持续时间和涉及的警员数量表明了严重的警察暴行事件。,,,,,
Abuse006_x264.mp4,人工,8.0,146.0,"视频描述了暴力殴打事件，在一个红色建筑旁边，一个穿着长袖长裤的男子站在路边，视频右上方行驶来一辆白车，男子弯腰下蹲，车停下后下来一个人将他推倒在地，另一个人快速上前将他压制。画面中陆续有六人，其中四人将他压住殴打踢踹，将其翻身，疑似搜刮他身上的物品，另外两人旁观后离开。随后视频右上角又行驶来第二辆白车，四人中有三人停止殴打搜刮行为站到一旁，第二辆车上下来的人与他们三个站在一起。接着左上角行驶第三辆白车停下,车上下来两人，和先前离开的两人都走向人群，陆续有两人离开画面,一人去第二辆白车疑似取物后返回。此时有一人将男子拎起，另一人疑似在男子头上套了袋子,那人拎起男子往视频左上方走去",8.0,7.0,否,,2024-08-29 12:05:47
Abuse007_x264.mp4,人工,2.0,7.0,在一个大厅中，一个穿个黑色短袖和黑色长裤的健壮男人A迎面走向一个穿着黑色T恤的男人B，A一拳击中B的头部，B被击倒在地，随后站起,5.0,10.0,否,,2024-08-29 14:24:46
Abuse007_x264.mp4,LLM,0.0,35.0,视频中发生了一起身体虐待事件。一个穿着黑色短裤的男子被一个穿着黑制服的高大肌肉男子甩到地上，在走廊里。穿短裤的男子站起来后，被那个强壮男子引领走向门，强壮男子正指指点点。穿短裤的男子回头看了一眼强壮男子，与此同时，另一个人从中间的门出现。强壮男子看起来原本跟着两个男子，但最终转身向相反方向走去，而穿短裤的男子注意到自己的鞋子破了后，继续一定距离地跟随。,,,,,
Abuse008_x264.mp4,LLM,225.0,250.0,在一次警方搜查中出现了虐待行为。一名女警察搜查了一名被拘留者，后来被发现并从她的衣服里拿出一个红色物品。这名女子被强行推回牢房，摔倒并撞到头部。警察们进行了干预，其中一人帮助了这名女子，而其他人则进入和离开现场，照顾这名女子的状况并清洁她的脸。,,,,,
Abuse008_x264.mp4,人工,147.0,155.0,视频中发生了暴力推搡事件，一名身穿蓝色上衣黑色裤子的年轻女子被一个穿着黑色制服的人从背后大力推进一个狭小房间内，头部磕到房间的床上以后滑落在地倒地不起。,9.0,9.0,否,,2024-08-29 14:33:58
Abuse009_x264.mp4,LLM,8.0,27.0,视频中发生了虐待儿童和肢体冲突。在夜晚，一群男子聚集在街头的公告板周围，另一名男子站在他们对面，手持一个孩子。那名男子猛烈将孩子摔到地上，再次将其抱起，将孩子当作武器猛烈撞向其中一名男子。两人因孩子而发生激烈争执，最终导致其中一人再次将孩子猛地摔到地面，然后冲向人群。,,,,,
Abuse009_x264.mp4,人工,8.0,22.0,"视频中发生了虐待行为，在开阔的室外，一个身穿黑色短袖上衣白色短裤的女人抱着一个孩子，然后将手臂平举，将孩子扔在地上,接着又抱起孩子走向一男子将孩子高举疑似用孩子砸该男子,两人争夺孩子。",8.0,8.0,是,22.0,2024-08-29 14:43:17
Abuse010_x264.mp4,人工,3.0,10.0,视频中发生了一个交通意外事件。在道路上一辆轿车正在行驶，在拐弯时从视频左下角窜出一只黑色小狗，小狗被轿车碾压，轿车驶离，小狗抽搐后死亡,9.0,10.0,否,,2024-08-29 14:50:59
Abuse010_x264.mp4,LLM,2.0,14.0,在路上发生了动物虐待事件。两只小狗正在过马路，其中一只被一辆银色汽车撞到，而该驾驶员没有停车。受伤的小狗在地上挣扎，另一只狗开始试图帮助，但最终离开了。一位身穿短裤、卷发的女士介入，指示其他车辆，并救起那只无动于衷的小狗，将其带走。另一只小狗跟着，似乎很担心它的伴侣。,,,,,
Abuse011_x264.mp4,LLM,9.0,57.0,视频中发生了严重的身体虐待。一名男子在房子外面多次袭击一名女性，拉她的头发，把她推下楼梯，并威胁要打她。这名女性试图抵抗并保护自己，但被迫跌倒在地，奋力起身。有时候，他们俩都在地上，男子阻止她上楼。一只黑色的杜宾犬出现了，男子与狗互动后离开又回来，继续打扰女性上楼的努力。最终，女性设法带着狗上了楼梯，却被男子再次推倒。,,,,,
Abuse011_x264.mp4,人工,9.0,56.0,"视频展示了暴力殴打虐待的犯罪行为。在楼梯间，一个穿着长袖长裤的男人把一个穿着背心短裤的女人从房间拖出来,他拉着女人的头发，女人面朝下趴在地上被他从房间拖到楼梯间，在挣扎无果后被他头朝下从楼梯上扔了下去，男人进入房间。她从楼梯滚下，背部撞击墙面，躺了一会后站前，男人从楼梯走下来推搡拉扯她.她坐在地上，男人抓住她的头发拉着她在走廊拖行,女人踢他，挣扎开以后他试图抓住女人的腿。女人站前走上楼梯，他抓住女人的衣服和头发将女人拽下楼梯几度推搡,女人倒在楼梯后他上了楼梯进入房间，随后女人也站起来虚弱的上了楼梯。男人从房间冲出来推倒女人,s随后进入房间，女人后仰摔下楼梯，身体砸在地面。",9.0,9.0,否,,2024-08-29 15:12:07
Abuse012_x264.mp4,人工,10.0,154.0,"在一个摆放多张婴儿床的室内，一个身穿桃红色T恤的黑发女人用拳头多次捶打一个躺在婴儿床上的婴儿的头部并用奶瓶给他喂奶，接着又多次捶打婴儿的身体。将他抱起擦脸后单手拎着婴儿摇晃。随后将婴儿放入床内再次用拳头捶打婴儿头部,疑似用双手掐住婴儿。",8.0,5.0,否,,2024-08-29 15:25:04
Abuse012_x264.mp4,LLM,9.0,54.0,视频中发生了儿童虐待事件。在一个房间里，一个穿着粉色上衣的女人对一个婴儿的摇篮进行了身体侵害。她殴打了这个婴儿，当婴儿安静下来时停止了，用毯子盖住了它，然后进行了暗示关怀的行为，比如调整婴儿车和婴儿的位置。然而，她又开始虐待这个婴儿，摇晃它，捏它的腋下，扇它，甚至用布盖住它的脸。这个女人的行为在暴力行为和假装关心婴儿之间交替进行，包括强行喂食和粗暴处理。,,,,,
Abuse013_x264.mp4,人工,0.0,160.0,"一个穿着红色羽绒服黑色裤子的老师A拎着穿着红色碎花衣服的女孩将她扔到墙边，A倒地不起，接着拎着穿着紫色碎花衣服的女孩B扔到墙边，老师踢A，B踉跄站好后又去踢B，踢完B接着踢A,用手打B头部后踢A，然后将A拉起，A站立不稳倒地后自己站起,老师又用手打A的身体和头脸拖拽A。AB靠墙罚站一会后重新回到队伍跟着老师同学一起跳舞.随后老师又抓住AB的辫子拖拽致使A摔倒，她把A拎起以后抽打A的脸部，将A推倒,A自己站起。",9.0,9.0,否,,2024-08-29 15:52:36
Abuse013_x264.mp4,LLM,0.0,127.0,在一间教室里，一位老师对多名幼儿园儿童进行身体虐待。老师拽着孩子的耳朵，让他们跪下，把他们摔到墙上，踢他们，拍打他们的头部，并用手指击打他们。受虐待的孩子表现出痛苦，其中一个孩子难以站起来。尽管暴力行为，课堂仍在继续，老师不时地让孩子们参与诸如跳舞等活动。虐待循环重复，老师拉走更多孩子并对他们进行身体惩罚，将一个孩子推倒在地。这些孩子，包括那些受虐待的孩子，在暴力中继续参与活动。,,,,,
Abuse014_x264.mp4,LLM,50.0,66.0,视频中发生了动物虐待事件。一位白发的老人穿着白色衬衫和黑色裤子，在绿色垃圾桶旁与一只黑色小猫互动。起初，他轻轻地抚摸着小猫，但随后，一辆车经过时，他突然把小猫扔进垃圾桶，然后走开了。,,,,,
Abuse014_x264.mp4,人工,21.0,46.0,这个视频疑似发生了虐待动物的犯罪行为，在路边，一个穿着白色T恤黑色裤子的女子吸引了一只狸花猫，她抚摸猫之后一手拎着猫，一手打开绿色垃圾箱将猫扔了进去接着扬长而去,5.0,10.0,否,,2024-08-29 15:58:48
Abuse015_x264.mp4,LLM,92.0,203.0,视频中发生了一起警察不当行为的事件。在一个房间里，三名穿着黑色和灰色牛仔裤的男子被三名警察监视。一名警察最初查看了一个靠在墙边的男子，而一位肥胖的警察擦了擦额头后走进前台房间。随后，一名穿着黑色鞋子的警察从三个男子中捡起物品，然后回到原位。在一连串的动作之后，黑鞋警察与白鞋警察发生了冲突，两人开始打架。一名矮胖的警察介入，看着他们，但没有立即干预。最终，黑鞋警察控制住了白鞋警察，其他警察开始对三名男子进行搜身并逐个带出房间。整个过程中，三名男子和警察之间的互动显得混乱而紧张。,,,,,
Abuse015_x264.mp4,人工,93.0,106.0,视频描述了一个暴力虐待事件。一个穿着白色上衣和深色裤子的年轻人被双手反绑站在一个站在室内的走廊内，他踢了一下脚，随后身边的的年轻警察快速从他的身后把他放到，接着扭了他的双腿，他躺倒在地。,8.0,7.0,否,,2024-08-29 16:12:45
Abuse016_x264.mp4,人工,3.0,45.0,视频描述了一个虐待动物盗窃的犯罪行为。在一户人家的庭院外停着一辆银色面包车，车内两个戴着帽子身穿短袖长裤的男人通过翻墙进入庭院，用手上的工具勒住庭院中两只黄狗的脖子，接着两人再次翻墙出了庭院，用工具勒住两只黄狗将其带出庭院塞进面包车扬长而去。,10.0,10.0,否,,2024-08-29 16:20:12
Abuse016_x264.mp4,LLM,22.0,45.0,视频中发生了虐待动物的行为。一开始，有两只狗在院子里，一只黄色的狗躺在大门上，另一只狗在附近。一辆货车到达，两名男子下车。当他们进入院子时，黄色狗和另一只狗变得防御性。一名男子试图捉住一只狗，而另一名手持木棍的男子追赶另一只狗。被追赶的狗咬伤了男子，使他后退。然后两名男子跳过围墙，把狗拖着跳下去，在过程中勒死了它们。最终，他们把狗装上货车，开走了。,,,,,
Abuse017_x264.mp4,人工,3.0,58.0,"视频描述了一个暴力虐待的犯罪行为。在一个室内，一个穿着长袖和蓝色长裤,坐在椅子上的人把坐在他旁边椅子上的穿着橙色衣服的男孩推下椅子，男孩摔倒在地后站起，他坐到男孩的椅子上抽打男孩的脸.他站起走两步以后回到座位，又抽打男孩的脸和身体.男孩捂脸站着,然后他从后面大力击打男孩的身体，男孩摔倒,他用脚几度踢踹男孩后坐回椅子。男孩趴在地上,他站起走过去踢踹男孩，单手抓着男孩的一只手臂将他提起放到一旁",9.0,9.0,否,,2024-08-29 16:32:31
Abuse017_x264.mp4,LLM,3.0,64.0,视频中发生了对一个孩子的严重身体虐待。在一个有收银员的场景中，一个穿着白色上衣的女人一再殴打一个穿橙色衣服的孩子，推搡、打击和踢这个孩子，导致孩子哭泣并摔倒在地。尽管目睹了虐待行为，收银员仍然漠不关心，整个事件期间继续使用手机。,,,,,
Abuse018_x264.mp4,人工,53.0,81.0,"视频中描述了一个暴力事件，在路边，一个身穿红衣的男人坐在商店外面，从视频右边行驶来一辆白车，车上下来一个穿着黑色制服的警察.他起身要走，被警察一脚踢中腹部仰倒在地上,随后把他翻过身使他趴在地上,将他的一只手反扣在他的身后。",1.0,10.0,否,,2024-08-29 16:48:14
Abuse018_x264.mp4,LLM,59.0,70.0,在一条繁忙的街道上发生了一起袭击事件。一个穿着黑色和红色衬衫的男子坐在一个棕色门附近的墙上。当一名身穿白色制服的警察从他的车里出来时，墙上的男子向警察冲去，可能怀有恶意。警察迅速做出反应，踢击了这名男子，使他摔倒并头部撞在地上。然后警察走近倒地的人，戴上手套控制住他，将他翻过来，给他戴上手铐。,,,,,
Abuse019_x264.mp4,LLM,110.0,131.0,一位躺在医院病床上的老人在换尿布过程中变得焦躁和抵触。他试图打击和拉住护理人员，一位穿着白色上衣的女性和另一位女性。护理人员试图约束和安抚这位老人，但他踢了她们，造成了困扰。这种情况对护工来说是混乱而具有挑战性的。,,,,,
Abuse019_x264.mp4,人工,30.0,127.0,"这个视频疑似发生了虐待老人的行为。在一个昏暗的卧室内，一个躺在床上的老人对着他右边的女性护工吐口水,女性护工几次伸出手疑似回击他。老人坐在床边,护工疑似对他吐口水。经过护工擦洗之后老人躺回床上,老人身后打护工,被护工控制住双手,老人挣脱，用脚踢护工,护工抓住老人的双腿。老人穿上衣服侧躺在床上，护工抓住他的腿，把他翻过身，她的一只手抓住老人的一只手，另一只手疑似抽打老人面部，老人踢了另一位女性护工起身坐起，两个护工离开",4.0,5.0,否,,2024-08-29 17:11:44
Abuse020_x264.mp4,LLM,0.0,58.0,视频中发生了家庭暴力和恐吓事件。一个穿着白衬衫的男子在床上坐着的女性进行了身体上的攻击，击打她的胸部，后来还扇了她的头。这名男子短暂地帮助女性穿衣服，但也对她进行了限制和威胁，警告她不要离开，意味着如果她离开会受到进一步伤害。,,,,,
Abuse020_x264.mp4,人工,0.0,103.0,"在一个卧室内，一个穿着蓝色长袖，黑色裤子的男人轻轻拍打一个穿着绿色睡衣的男孩的后脑，从背后轻推他上床，关上灯，男孩坐在床上,然后躺下，男人给他盖上被子以后离开",1.0,8.0,否,,2024-08-29 17:20:38
Abuse021_x264.mp4,人工,17.0,40.0,"视频描述了一个虐待儿童的犯罪行为，在一个餐厅里，一名穿着蓝色衣服的男孩在吃饭,他旁边的女老师拍了拍手后打了他的脸。一名居老师把男孩抱进一个房间放在地板上，男孩平躺着，老师关上门，房间一片黑暗。",9.0,8.0,否,,2024-08-29 17:49:25
Abuse021_x264.mp4,LLM,40.0,49.0,视频中发生了对儿童的虐待行为。在一个房间里，一个男人强行拉着一个孩子靠近桌子，导致孩子摔倒，然后在地上把他转了个圈，最后孩子坐在地板上。这种行为是暴力的，有潜在危害儿童健康的可能性。,,,,,
Abuse022_x264.mp4,LLM,5.0,55.0,在走廊里，一起虐待事件正在上演。一名穿着白色短袖衬衫的男子猛烈袭击一个坐在轮椅上的人，导致对方摔倒。另一名戴着帽子的男子出手阻止，并目睹着攻击者继续踢打受害者。一群人围拢过来，包括一个背着背包的男子、一个穿绿色衬衫的男子和一名女性。被攻击的人最终被放回轮椅上，伴随着争吵和旁观者，随着一名女性和其他人的干预，这一场面也随之散去。视频中记录了多起攻击行为和缺乏干预的情况，显示出恶劣的身体虐待事件。,,,,,
Abuse022_x264.mp4,人工,4.0,18.0,视频中发生了暴力抢劫和虐待殴打的犯罪行为。在一个大理石大厅中，一位银色短发、身着白色衣服、黑色裤子的女士正在大厅中央的木桌前阅报，两名犯罪分子从左下角侵入，第一名身穿白色T恤的黑人抢走了女士的红色腰包，第二名身穿黑色T恤的黑人用拳头击打女士的头部，导致女士倒地并痛苦地捂脸，随后坐起。,10.0,8.0,是,25.0,2024-08-29 17:58:22
Abuse023_x264.mp4,LLM,4.0,18.0,视频中发生了一起身体虐待事件。一个穿着蓝色上衣的女人站在门旁观察周围。突然，一名黄发女子强行进入，将门推向穿蓝衣服的女人，将她撞到墙上。黄发女子随后袭击她，扇她脸，并用膝盖压制她。穿蓝衣服的女人试图反抗，但最终，一个穿白衬衫的男子和另一名穿黑衣服的女人介入，制服了受害者。,,,,,
Abuse023_x264.mp4,人工,14.0,33.0,"一个穿着蓝绿色上衣黑色裤子的的女性A躲在门后，门被一个穿着西装的金发女性B推开，B用力推门，用门撞击A，将A推到角落,A用手打B的头，B控制住A的双手，把她推到房间角落的座椅上坐下，多次膝击A的腹部,将她控制在怀中，拖着她在房间走了几步，接着房内又进来一名穿着白衬衫的男人和一名穿西装的黑发女性，三人一起将A按在地上制服。",3.0,9.0,是,14.0,2024-08-29 18:45:13
Fighting002_x264.mp4,LLM,4.0,62.0,在一家酒吧爆发了一场激烈的斗殴。最初，人们正在交谈，但当一名愤怒的男子朝一个高马尾女子扔椅子时，紧张局势升级。她开始争吵后就离开了。接着，另一名男子开始扔杯子和凳子，在吧台造成了破坏。混乱的场面持续不断，这名男子继续摧毁物品，直到事件结束。,,,,,
Fighting002_x264.mp4,人工,2.0,83.0,"视频中发生了暴力打架砸店的犯罪行为。在昏暗的酒吧内，一个身穿黑短袖T恤的高壮男子来到吧台前，右手提起一把吧台椅朝着吧台内的女生服务员砸去，女生右手在打电话，身体弯腰躲避，椅子砸向右侧吧台工作间，随即掉在地上。女生出口争论，男子直接掀桌面上的玻璃酒杯丢向女生，女生仓皇而逃。周围有两个男子劝阻被拒，男子继续向工作台砸玻璃杯，随即又扔了两把椅子，持续掀桌面上的物品。其他人散去，该男子拿着一把吧台椅持续砸向吧台，随即过来几名酒吧人员前台劝阻,将他推出画面外，最后是酒操作间被椅子砸的特写镜头，满地狼藉。",8.0,8.0,否,,2024-08-29 10:15:45
Fighting003_x264.mp4,人工,61.0,103.0,"视频中发生了聚众打架斗殴犯罪行为，在地铁站台内，两波人突然在站牌后大打出手，随即四散而开，一对一打架，其中有两个人用拳头殴打一个躺着地面上背着书包的人,随时黑色衣服男子跑开和别人进行殴打，其中灰色衣服男子继续对该男子拳打脚踢，随即加入其他打斗，受害人随时站起，站在角落。左侧有一个男子被逼跑到地铁轨道上，随即爬上站台，所有人朝着右侧站牌跑去，继续对一黑衣男子进行施暴，有三人拳打脚踢该男子的身体，其中有一个白衣男子在该男子腿上蹦跳，有两名女生试图上前劝说，其中身穿白色开衫的女人突然跑开拿出手机。再次进行劝阻无果，多名男子继续殴打黑衣男子，周围有许多乘客在进行围观。",8.0,7.0,否,,2024-08-29 11:05:07
Fighting003_x264.mp4,LLM,60.0,163.0,在公共区域爆发了一场激烈的斗殴。一名穿灰衣服的男子和一名穿蓝衣服的男子走了过来，后面跟着两名正在交谈的女性。突然间，一个男子打了另一个男子一拳，引发了一场实体冲突，之后移至柱子后，看不见。两名男子被看到在地上扭打互殴，其他人则旁观、躲避或加入混战。随着更多人加入，斗殴逐渐升级，一名男子被一群人推倒并遭到围攻。,,,,,
Fighting004_x264.mp4,LLM,0.0,555.0,在一个有台球桌的房间内发生了一场大规模的斗殴。最初，一个穿黑衣的男子打了另一个穿夹克的男子，后者进行了回击，然后一个穿黄衣的男子加入了战斗。围观者包括身穿蓝色夹克、黄色衣服和紫色衣物的人积极参与打斗，使用台球杆，并进行肢体冲突。有时，打斗涉及四人或更多人组成的团体，在房间里和门口附近蔓延。两名女性在某些时候试图干预，而穿紫色衣服的男子试图分开争斗双方。尽管有这些努力，打斗仍在继续，人们被制止、追赶，并用凳子袭击。混乱的场面最终在一些参与者离开房间的情况下平息，而其他人则继续争论或参与较小的争吵。,,,,,
Fighting004_x264.mp4,人工,1.0,319.0,视频中发生了一群人打架斗殴的犯罪行为。在台球厅内，左侧一名黑衣男子突然伸出左手给了右侧一名黑衣男子一拳，右侧男子随后反击一拳，两人拉开距离，中间是一个穿着蓝色T恤的男人正在劝架，紧接着右侧跑出一个白衣男子给了一拳给右侧男子一拳，随后两拨人开始殴打起来，一名紫色上衣男子和一位穿着蓝色套装的男子互相拳打脚踢。另外一个穿着灰白T恤的男人和一个穿着灰色T恤的男子殴打在一起，随后灰色T恤男子倒地，一个穿着黑色衣服的男人拿着棍子朝地上的人打去，他的身后也有一个男子拿着棍子朝他的头部打去，随后两人开始用棍子进行殴打，墙边也有两个人在打架，其中黑衣男子一直在打蓝衣男子，蓝衣男子想甩开黑衣男子朝门外走，成功逃脱后，黑衣男子关闭房门朝后方走去，随即和另一名男子殴打起来，他的身后有一个紫色上衣男子拿起桌上的桌球朝对方扔去，并击打对方的头部，随即走开。两人互相拉着衣领继续打架，随即一波人又开始打架，右侧有一个灰色男子倒地不起，多人前来看此受害人，随后该男子被一黑衣男子扶起，灰衣男子起身后，对着另一个白色外套男子头部打了一拳，男子躲避，被推到墙上，周围有几个人劝架，灰衣男子抓住一黑衣男子的头发，不停捶打其头部，多人劝阻无果，黑衣男主跑开，灰衣男子继续跑着跟上对其进行拳打脚踢，甚至拿头撞头，继续用拳头打其头部，并试图用吧台椅砸向黑衣男子，随后桌球台前另外两个黑衣开始打架，一位黄衣女人进行劝阻之后走出房间。另外一个灰衣女子正尝试劝阻右侧一对正在打架的人，随后两波人发生争吵。突然一男子拿着一根棍子袭击另一名黑衣男子，随后又开始扭打起来，男子继续拿着棍子猛击黑衣男子的头部，黑衣男子被包围，紫衣男子前来劝架，黑衣男子朝墙边走去，其他人也都散开朝门外走去。,8.0,8.0,是,325.0,2024-08-29 14:25:22
Fighting005_x264.mp4,人工,20.0,50.0,视频中发生了抢劫和打架的犯罪行为。在酒店大堂内，两个犯罪分子跑进大堂左侧，第一个人身穿黑色连帽衫，头戴黑帽，腰间有白包，第二个人全身黑色，头戴黑色鸭舌帽，白色口罩。八秒后，它们抬出一个灰色箱子，快速逃离，被身穿黑色衬衫的酒店大堂的工作人员看见，他尝试抓住箱子未果，抓住了黑色连帽衫男人的衣领，把其推到门边，随后两人扭打在一起，一起摔在门外地上。,8.0,5.0,否,,2024-08-29 14:44:54
Fighting005_x264.mp4,LLM,23.0,48.0,视频中发生了一起抢劫案。两名戴着面具的男子穿着黑色服装突然从入口处出现，冲到场景的右侧，强行拖出了一个箱子。一个秃头男子试图干预，但未成功，因为箱子掉落了，抢劫犯带着它逃跑了。,,,,,
Fighting006_x264.mp4,LLM,7.0,22.0,视频中发生了一场肢体冲突。起初，一名穿白衣的男子和一名穿黑衣的女子坐着，但一名穿黑衣的男子走向穿白衣的男子，导致双方发生争斗并最终倒在地上。一名穿裙子的女子和一名戴牛仔帽的男子介入。戴牛仔帽的男子将穿黑衣的男子拉开，最终，两名安保人员从左下方赶到，将人们分开并协助其中一人。,,,,,
Fighting006_x264.mp4,人工,6.0,31.0,视频中发生了打架犯罪行为，在医院休息区，一个白衣男子站起情绪激烈的用手指着另一个身穿黑色衬衫的男人。白衣男子旁有一个身穿黑色裙子的女人试图劝阻他，然而黑色男子对着白衣男子的脸上打了一拳，随后白衣男子和黑裙女子两摔倒在座椅上，白衣男子试图推倒黑衣男子，结果不小心女生推到在地，女并拖行一段距离，黑衣男子抓住白衣男子的衣领继续用拳头施暴，随后左侧有一个带着棕色帽子的白衣男子上前拉开黑衣男子，黑裙女子拉着黑衣男子的腿，在地上拖行，然后有三个穿制服的保安上前阻止，黑衣男尝试逃跑摔倒后，爬起身继续向右侧跑去，一名保安拉住白衣男子，黑裙女子也站起来，抚摸受伤的右眼。,8.0,9.0,否,,2024-08-29 15:07:54
Fighting007_x264.mp4,LLM,1.0,202.0,视频中发生了一场混乱的打斗，被分类为“斗殴”。一开始，可以看到四名男子在场景中央攻击另一名男子，最终使他失去知觉倒在地上。几个人，包括一名女性，从右侧进入，其中一些人发生争执和打架。有多起打击、搏斗和群体斗殴事件发生，涉及不同组合的个体。打斗在屏幕上移动，最终参与者们四散开来，其他人在离开这个区域之前检查倒地的男子。,,,,,
Fighting007_x264.mp4,人工,1.0,105.0,视频中发生了打架斗殴犯罪行为。在一片广场空地上，一群人在殴打一个棕色头发，身穿白色上衣的受害男子，它们围成一个圆，用脚踢该受害人，使其倒地后继续用脚踢他的身体，一黄衣男子趴在其身上，用拳头猛烈击打其头部，另外两个人也用脚踢其头部，受害人平躺在地上，没人任何动作。随后棕色衣服男子和黄衣男子又开始打架，两人互相拉扯，拳击对方头部，随后一群人开始殴打起来，灰衣男子用脚踢黄衣男子屁股，两人扭打在一起，黄衣男子用力将他摔倒在地，用拳头猛击其后背，黑衣男子前来劝架，灰子男子走开，随即黑衣男子和黄衣男子扭打在一起，又有一灰衣男子前来劝架，两人随即散开，所有人都来看第一个白衣受害人。,8.0,8.0,否,,2024-08-29 15:36:39
Fighting008_x264.mp4,人工,59.0,265.0,"视频中出现打架和虐待的犯罪行为，在一个空阔的店铺前，停放着许多摩托车，左侧一个蓝衣男子拿着武器扎向另一个黑衣男子的身体，随后两人扭打在一起。一个长白袍男人拿着一根长棍从画面右侧跑到路面上，对着一个灰衣男子进行击打，随即长白袍男子不小心被绊倒，一个穿白色T恤的男人从他手里抢过棍子，同另外一个伙伴两个人一起殴打另一个白衣白裤男子，该男子倒地后，两人随即走远。一灰衣受害男子被一白衣施暴男掐住脖子带到一个桌子前，后面跟来第二个施暴者，手里拿着凶器朝着受害男子的身体猛刺几刀，然后受害人倒在右下墙角第一个白衣施暴男用脚继续踹受害人，之后施暴男被一灰色男子拽走。受害人试图把手伸向桌子，之后手一直在动,然后有人发现了他。",6.0,5.0,否,,2024-08-29 16:16:25
Fighting008_x264.mp4,LLM,59.0,122.0,在街上发生了一起激烈冲突，多人参与其中。一名穿蓝色衣服并持刀的男子袭击了一名穿黑色衣服的男子，刺伤他多次腹部。随后发生了一场混乱的打斗，一名穿白色衣服的男子持棍介入，并与两名骑摩托车的人对抗。更多人加入了斗殴，有一人摔倒在地。场面最终平静下来，受伤男子躺在地上，其他人赶来评估情况。一群人聚集起来，把摔倒的男子抬走，后来一群人返回，引发进一步骚乱和破坏，然后离开。,,,,,
Fighting009_x264.mp4,LLM,52.0,59.0,在人们跳舞和交谈的社交聚会中爆发了一场斗争。一名穿着衬衫的男子挑起了与另一人的冲突，最终导致了肢体冲突。挑衅者成功将另一名男子击倒在地，与此同时，另一人介入推搡了另一个人，导致其摔倒并离开现场。,,,,,
Fighting009_x264.mp4,人工,50.0,71.0,视频中出现了虐待打架犯罪行为，在酒吧内，一号受害人身穿白色衬衫外套正在跟一女子谈话，白衣施暴人突然走上前，拉住一号受害人衣领猛一把向后推，一号受害人随即倒地，一女子试图将其拉起。随即施暴人又将左侧劝架的二号受害人用右拳打到在地，之后施暴人从左侧门逃跑，二号受害人随即被人扶起.,10.0,8.0,否,,2024-08-29 16:32:33
Fighting010_x264.mp4,人工,85.0,140.0,视频中出现打架犯罪行为，在餐厅外，一个短发，身着暴露的女生对着餐厅内进行语言输出，情绪激烈，一位灰衣男子情绪激动的推开餐厅的大门，和门外的白衣男子进行推搡，短发女生拉住男人劝架，男子依旧情绪激动和餐厅内人员互相推搡，女子将男子拉倒一边进行劝架，随后该男子离开。,6.0,8.0,否,,2024-08-29 16:45:16
Fighting010_x264.mp4,LLM,56.9,60.9,视频中发生了一场争执。在街上一家商店外，两名男子发生了口头争执，情绪升级为身体冲突。其他人，包括一名试图干预的女性，在事件发生时也在场。随着涉及各方分开并各自离开，紧张局势最终缓和了。,,,,,
Fighting011_x264.mp4,LLM,62.9,124.0,视频中爆发了激烈的斗殴。一开始，地上躺着三个人，另外三个人坐着。其中一个穿黑色衣服的男子站了起来，随后一个穿白色条纹衬衫的男子走上前去，开始殴打那个穿黑衣服的男子。斗殴升级为互相拳打脚踢，穿黑衣服的男子脱掉衬衫。最终，穿白色衬衫的男子被一把电击枪击晕，警察赶到。他们清理现场，制服了穿白衬衫的男子，并照料了倒地的人。,,,,,
Fighting011_x264.mp4,人工,55.0,120.0,视频中出现了打架犯罪行为。在看守所内，一共有六个人，其中右上角落站着一个身穿白绿条纹的高大男子，它突然走向右墙处躺在地面上的黑衣男子，确认其身份，随即开始用右拳击打黑衣男子头部，黑衣男子向墙角躲闪，高大男子依旧对其进行殴打，黑衣男子脱掉自己的上衣开始反击，把高大男子推到墙上，用脚踹其身体，高大男子开始反击，随即黑衣男子将其推到铁栏处，对此用右拳打其头部，高大男子开始反击用力一推，黑衣男子就直倒地，高大男子也倒在地上随即爬起。警察进来后高大男子制服。,9.0,10.0,否,,2024-08-29 17:08:50
Fighting012_x264.mp4,LLM,0.0,31.0,发生了一起暴力斗殴事件。两名男子参与了肢体冲突，导致其中一人被打倒在地。第三个穿着蓝色衣物的个人介入，观察了情况后从现场的左侧撤离。,,,,,
Fighting012_x264.mp4,人工,1.0,32.0,视频中出现了打架行为，但不确实是不是在进行拳击游戏。两个男生走出门外，走在前面的男生A穿着黑色T恤和蓝色短裤，后面的男生B穿着一套黑色运动服。A转身抬起右手就给了B一拳，随即B左手还击一拳，两人开始相互试探，不知怎么A突然头朝地倒地不起，B将其翻过身来，又从房间里走出穿蓝色衣服的男生C上前查看，A随即站起来，朝画面左侧跑去，A和C立刻跟上。,3.0,10.0,否,,2024-08-29 17:29:25
Fighting013_x264.mp4,人工,0.0,47.0,视频中出现打架犯罪行为，在店铺门口，站着两个保安人员，左侧是穿着白色西装的A，右侧是穿着灰白色拼接西装的B，门外有一个穿着白色T恤的施暴者C，C抬起右拳朝B打去，A进行还击，C抄起右侧的椅子朝AB两人砸去，A抢下了椅子进行防御反击，C继续殴打B，C的同伙D抢走了A手里的椅子，B用手擒拿主了C的头，C不停击打A的肚子，随后左侧有一光头加入被另一个灰衣男子击打了头部，D用椅子打A的胳膊，随后C被推出门外，门外的人继续丢椅子，A，B和光头躲进门内，D继续用椅子砸向门，随即离开。,10.0,9.0,否,,2024-08-29 17:47:34
Fighting013_x264.mp4,LLM,2.0,46.0,在门口发生了激烈的打斗。最初，一个穿短袖的男子与两名已经摆好战斗姿势的男士发生了对峙。他们交换了打击，使用凳子等物品作为武器。随后一个更大个子的男子进入现场，另一个人也加入了战斗，扔了一个凳子。大个子最终把新来的人推出去，但冲突仍在继续，所有人在门内外发生冲突，直到最终散去。,,,,,
Fighting014_x264.mp4,人工,62.0,95.0,视频中出现了打架行为，不确定是都构成犯罪，在舞厅内，一个穿着白色套装的女人A在和男人跳舞，画面左侧走出一个穿着白t的男人搂着一个穿着无袖白t的丰满女人B，B直接走到前面伸出手准备打A，A先发制人用左手扯助理B的头发，B抓住A的衣袖，向左转，B被甩开，随即白衣男子C抄起瓶子准备向B砸去，被白t男制止，B不服气还想争吵，A也被男子拉走。,3.0,10.0,否,,2024-08-29 18:03:52
Fighting014_x264.mp4,LLM,63.0,118.0,在一个舞蹈场所爆发了激烈的斗殴。起初，人们正在跳舞，但当一个穿着背心的女人向另一个跳舞的女人冲过去并攻击她时，紧张局势升级。一名男子介入分开她们，另一个人拿着一瓶到场，可能是为了干预。斗争涉及多个人，包括一个男子提着一把椅子，试图发生冲突，随后参与者离开。,,,,,
Fighting015_x264.mp4,LLM,72.0,300.0,一起激烈的斗殴和抢劫事件发生在一家商店内。起初，一名男子正在柜台清洁一瓶葡萄酒，当时一名戴帽子的持枪歹徒闯入并威胁他。那名男子进行了反抗，把两人推到了货架上。接着第三名男子介入，挥船被袭击那名戴帽歹徒。柜台上的男子成功制服了地面上的劫匪。路人进来，一人打电话并离开，另一人查看情况后也离开。两名男子控制着抢劫犯，而打电话的人递给持被抓嫌疑犯的人一个物品。更多人进出，观看事态。最终，两名警察赶到，逮捕了嫌疑犯，并将其带走。整个事件中，一名女性进来，与在场的人交谈，然后离开。,,,,,
Fighting015_x264.mp4,人工,73.0,120.0,视频中出现抢劫犯罪行为，在一家超市内，穿着绿色衣服的老板站在柜台前擦拭酒瓶，突然从门口闯入一个全身黑色带着白色口罩的抢劫者，左手持刀恐吓老板准备抢劫，老板服软瞬间伸手抓住抢劫者的左手将他推向货架，从超市后面跑出一个黑衣员工抄起一把椅子但未砸到抢劫者，开始用拳头一直锤击其头部，随后老板将其推制服在地面上，黑衣员工继续用拳头捶打抢劫者，随后门口来了一个背包的黑色皮衣男子拿起手机在报警。,10.0,8.0,否,,2024-08-29 18:47:58
Shooting001_x264.mp4,人工,0.0,7.0,视频中发生了枪击的犯罪行为。在一个黑白装修的昏暗室内，一群人躲在吧台下方，左上角两对人中男士抱着女士，左下角一个穿黑色T恤灰色短裤的男士靠着吧台站着，右下角在黑白沙发前一个穿白色T恤白色长裤黑色短发的男士正从右下方跑走，三名犯罪分子从右上角的门侵入，第一名身穿白色T恤白色长裤白色鞋子的男士拿着一件白色外套向右后方跑走，第二名身穿白色T恤白色长裤黑色鞋子黑色腰带的男士双手拿着一把手枪在门口向前方射出一枪，向前走几步后向左下方再射出一枪，第一名身穿白色T恤白色短裤的男士跟在第二名身后，在犯罪分子刚进门，左下角靠着吧台的男士往左后方走，后有拿着一把椅子退回吧台前，左上角的两对抱的更紧了，其中一个穿粉色上衣白色长裤白色鞋子的女士惊恐的看着枪击，人群更加慌乱。,10.0,9.0,否,,2024-08-29 10:46:41
Shooting001_x264.mp4,LLM,5.0,8.0,一起枪击事件发生在人群拥挤的室内场景中。一个穿着白色衣服的男人进入房间，挥舞着一把黑色手枪，朝着目标开枪。然后迅速弯下腰离开现场，留下了一个可能引发混乱和危险的局面。,,,,,
Shooting002_x264.mp4,LLM,34.0,40.0,视频中突然爆发了暴力事件。一开始，我们看到五个人在交谈，后来他们卷入了一场肢体冲突。一名女性走过来目睹了这场斗殴。,,,,,
Shooting002_x264.mp4,人工,2.0,38.0,视频中发生了枪击的犯罪行为。在一个停车场，一个黑色短发身穿黑色T恤灰色长裤黑色鞋子留着络腮胡的男士A抱着两个穿灰色外套白色内搭蓝色磨白牛仔裤黑色鞋子留着络腮胡的男士B和C，然后左下角一个黑色短发身穿灰色外套白色内搭深蓝色牛仔裤的男士E上前与A争论，后又从左下角过来两男一女，按照过来的顺序，第一位男士F是白色帽子灰色上衣，第二名男士G是黑色短发白色T恤留着络腮胡看着手机，第三名女士D是黑色长发灰色上衣灰色七分裤，D上去也和ABC说了几句，突然A右手拿出手枪射击，然后DEFG向视频下方跑走，BC向左右分别跑走，A开了几枪后向右前方跑走。,10.0,9.0,否,,2024-08-29 11:19:19
Shooting003_x264.mp4,LLM,21.0,45.0,在路边发生了一场武装冲突。最初看到一群人站在那里，一辆车开过。突然间，一个人跑开了，另一个人追了上去并打了某人。导致了一片混乱，烟雾弥漫在周围，多人参与其中。一个人躺在地上，无法站起来，另一个抱着头逃跑了。在混乱中，有人躲在一辆车后面，最终，人们开始离开现场，而车辆继续驶过。,,,,,
Shooting003_x264.mp4,人工,15.0,46.0,视频中发生了枪击的犯罪行为。五个人ABCDE站在路边，突然一个穿着一身黑衣的男士F从左上角跑到人群中，AB是穿着黑衣的男士在右上角向F开枪，F倒地反复试探站起来站不起来，后断断续续追来三名持枪的穿黑衣的犯罪分子，一个原本站在路边穿黑衣的男士C拿出手枪反击，被击倒在地，D穿黑色外套蓝色牛仔裤背着包躲到白色五角星的路障后，E是一位拿着塑料袋的女士跑走摔倒后站起来跑走，其它持枪的犯罪分子向前方追击。后聚集过来，三个犯罪分子把C抬到一边检查C的情况。,10.0,7.0,否,,2024-08-29 11:42:59
Shooting004_x264.mp4,人工,9.0,48.0,视频中没有发生犯罪行为，一个黑色短发戴着墨镜身穿警服灰色长裤的警察A从右上角拿着手枪追着一位黑色短发身穿粉色上衣灰色长裤的男士B出来，在B试图向A攻击时，A向B开枪，B倒在右下角，B挣扎着试图站起来，被A控制在地上，A向颈部的呼叫器呼叫同事。,1.0,9.0,否,,2024-08-29 15:46:12
Shooting004_x264.mp4,LLM,17.0,22.0,视频中发生了一起武装枪击事件。一名警察最初举枪向前冲，然后退了回去，仍手持武器。一个女人看到一个男子，迫使他后退。不幸的是，这名女子被击中倒在地上。片刻之后，另一人前来制服了那名男子。,,,,,
Shooting005_x264.mp4,人工,2.0,53.0,视频中不确定发生犯罪行为。在一个住宅区小巷里，先后有三个身穿黑衣的男士进入一家住宅，第一个男士A先进入门内查看后被吓得后退，边打着手电筒边后退着将一个黑色袋子拖向门外，然后两个男士B和C赶来，C穿着外套走向门口，B先拿着手枪后把枪放回腰间枪套在门外观察，B进入门内，A为B照亮，C绕房子外一圈后返回门口，A拿出手套戴上后进入门内，A把手电筒给C，C检查A拖出的袋子，C拿出一张纸看了看蹲在门口。,4.0,4.0,否,,2024-08-29 15:02:25
Shooting005_x264.mp4,LLM,52.0,60.0,视频中发生了一起武装枪击事件。一名男子进入房屋后出来，遇到了另外两名男子。其中一人很快穿上衣服，可能表明在匆忙准备。然后拿着枪从现场逃走，约52秒时开始跑开。枪击事件发生后，另一名男子被看到在室内交谈，可能在讨论事件或请求帮助。最后，一名穿黑衣的男子赶到并朝房屋外用手电筒照射，表明对枪击事件作出回应或展开调查。,,,,,
Shooting006_x264.mp4,LLM,90.0,135.0,一宗槍擊事件發生在一家商店里。一名穿白色T恤的男子最初在櫃檯檢查物品，但沒有購買任何東西。後來，一名穿紅色襯衫的男子簡短地進入並離開，然後是一名穿藍色襯衫的男子出現在外面。主要嫌疑人，即穿白衣的男子，在90秒后返回，拔出一把武器然后逃走。他被看到拿着武器在周圍走了一段時間，然後另一個人靠近櫃檯，可能在交谈。然後，那個人把物品帶到櫃檯，另外兩個人進入場景。在這期間，一個女孩走近并與三名男子交談，表明了一種可能導致槍擊的混亂情況。,,,,,
Shooting006_x264.mp4,人工,2.0,334.0,视频中发生了抢劫和枪击的犯罪行为。在一个商店内，两位女士A和B坐在柜台后，A黑色头发身穿白色T恤灰色长裙围着围裙，B黑色披肩长发穿着白色T恤黑色长裤，一个犯罪分子男士C黑色短发身穿白色T恤深蓝牛仔裤从左上角的门进入店内，C要A给他拿出一个白色物品，B往左上角走去，另一犯罪分子男士D戴着黑色帽子身穿灰色T恤黑色长裤走入店内，A在找东西时C从胸前拿出手枪给A和B看，后把枪放回上衣内，然后一名警察E进入店内，后又一警察F进入店内，E给D搜身，C突然拿出手枪向E和F开枪，，D见机向门外逃走，C连续向倒在地上的F开了好几枪后逃走，B害怕的躲起来，在C和D走后，拿出手机报警，A跑向店外求救。,10.0,9.0,否,,2024-08-29 15:35:44
Shooting007_x264.mp4,人工,0.0,9.0,视频中发生了枪击的犯罪行为。在一个房子外的草坪上，有两个犯罪分子，先出现一个黑色短发身穿蓝色T恤深蓝牛仔裤白色鞋子的犯罪分子男士A从左侧拿着手枪进入草坪开枪后向右下角棕色木质栅栏边缘撤退，然后另一个身穿深蓝色外套黑色长裤黑色鞋子的犯罪分子男士B从左侧快速向A方向跑走，一个身穿蓝色外套白色长裤黑色鞋子的男士从左侧拿着枪向A和B追击，追到棕色木质栅栏边缘返回。,10.0,6.0,否,,2024-08-29 16:13:36
Shooting007_x264.mp4,LLM,34.0,40.0,视频中发生了一起武装对抗或枪击事件。在一条小道上，一个身穿蓝色衣服的男子在悠闲地走着，后面跟着一个穿着黑色衣服的男子在草地上奔跑。随后出现了三个人，可能表示一种紧张局势。在蓝衣男子回应黑衣男子后，他们两人一起走开，可能缓和了局势。然而，一个无意中走近了事件现场的孩子，可能把他们置于危险之中。,,,,,
Shooting008_x264.mp4,LLM,3.0,29.0,场面上发生了一起武装枪击事件。一个穿着黑色衣服的肥胖男子可能试图取回一支武器时，绊倒摔倒在篱笆上。然后他在地上打了几个滚，成功拿起了一把枪。不久后，另一个穿着黑色衣服的男人从十字路口出现，并接近该区域。片刻之后，一个人匆匆赶来拾起一个物体，很可能与该事件有关。,,,,,
Shooting008_x264.mp4,人工,0.0,43.0,视频中发生了抢劫和枪击的犯罪行为。在一个商店内，犯罪分子从右上角的门开枪，店内人群慌乱逃走，一个穿着黑色背心蓝色衬衫黑色长裤黑色鞋子的工作人员从银色金属栏杆的左上角向左侧逃走，一个同样穿着的工作人员原本站在柜子前正在清点什么，被枪击吓得卧倒在地，随后开枪反击犯罪分子，再从栏杆的下面向左侧逃走，一个戴着灰色帽子身穿灰色外套蓝色牛仔裤黑色鞋子的犯罪分子男士A拿着枪从右上角的门进入，从放在右下角地上的黑色袋子里拿出一沓扔到门口，随后把黑色袋子拖到门口，一个身穿粉色上衣蓝色牛仔裤的犯罪分子B拿走扔到门口的那沓，A拿走门口的东西时遇到一个身穿黑衣的人阻拦，黑衣的人没有拦住。,10.0,8.0,否,,2024-08-29 16:51:51
Shooting009_x264.mp4,LLM,59.0,69.0,视频中发生了一场激烈的争执。一个穿着粉色衣服的男子从绿色瓶子喝水后朝地板吐水，并两次激烈地砸了显示屏。他的行为引发了一场冲突，一群男子，其中包括一个看起来很生气的胖男人试图介入或报复。在混乱中，可以看到两个男子在交谈，可能是在试图化解局面。一位老人也从地上站起来，增加了混乱的局面。,,,,,
Shooting009_x264.mp4,人工,2.0,154.0,视频中发生了故意破坏的犯罪行为。一个黑色短发身穿粉色衬衫灰白七分裤的犯罪分子男士A从右上角的玻璃门进入店内，A卷起袖子拉起裤子右脚踹向左下角的一台深灰色设备，还有手打向设备，一个黑色短发身穿白色T恤蓝色牛仔裤黑灰运动鞋的犯罪分子男士B开着门观看，A拿起左上角门边的一瓶水喝了几口，有几口喷向地面与设备，又用手拿着瓶子用力拍打右上角靠近门边的一台深灰色设备，B进入店内把A拉往门外，然后用手试图伤害店内一个银发身穿蓝色衬衫黑色长裤右肩上搭着一条毛巾的老工作人员，并威胁工作人员后离开，在店门外打碎了门的玻璃，老工作人员坐在地上在门玻璃碎后起身开门。,10.0,10.0,否,,2024-08-29 17:21:31
Shooting010_x264.mp4,人工,30.0,58.0,视频中发生了抢劫和枪击的犯罪行为。在一个路口角落停着一辆银白色的汽车，一个黑色短发身穿黑色夹克灰色裤子灰色鞋子的男士A从右侧前车门进入这辆汽车，刚关上车门，一个戴着粉色帽子穿白色T恤蓝色牛仔裤白色鞋子的男士B从右上角墙边来到车门边从车窗和A拉扯，A向B开枪，B从原路逃跑时倒在地上，一个身穿黑衣的男士打算右上角墙边，看到枪击后退回。A下车观察B的情况。,10.0,7.0,否,,2024-08-29 17:36:18
Shooting010_x264.mp4,LLM,37.0,50.0,两个人在一场对抗中发生了一起枪击事件。在视频中，一个男人进入了一辆车，另一个男人走向了这辆车。两人开始打斗，同时互相挥舞着枪支并进行身体上的攻击。在一个时刻，车外的那个男人摔倒了，车内的那个男人举起了枪，可能准备开枪。,,,,,
Shooting011_x264.mp4,人工,9.0,98.0,视频中发生抢劫的犯罪行为，然后警方执法。一个戴着透明帽子黑发身穿红色上衣黑色长裤的女士A和一个绿色短发身穿白色T恤的男士B在柜台后聊天，柜台最里侧还坐着一个戴着透明帽子黑发身穿灰色上衣的女士C，两位犯罪分子从左侧走到中间的玻璃门进入店内，并关上门。一个犯罪分子D戴着黑色头盔身穿一身黑衣灰色鞋子拿着枪，一个犯罪分子E戴着黄色头盔身穿白色T恤黑白红短裤黑色夹脚拖鞋从C抢走电话摔在地上，A从柜子里拿出现金，D拿走现金，E用枪指着众人，警察从玻璃门外向内开枪，玻璃门碎，两个犯罪分子倒在地上，A、B和C抱头蹲在地上向右侧室内撤退，三名警察拿着枪进入店内，查看店内和犯罪分子的情况。,10.0,10.0,否,,2024-08-29 18:01:02
Shooting011_x264.mp4,LLM,26.0,58.0,商店发生了一起武装抢劫案。两名男子进入后观察了一会儿，随后瞄准了顾客，主要是女性，持枪抢劫了商店物品。在逃跑过程中，玻璃破裂，这两名男子摔倒在地，可能是由于搏斗或开枪。不久后，警察赶到，保护现场，移动凳子，并安全地将无辜的人们带离。然后他们继续调查犯罪现场。,,,,,
Shooting012_x264.mp4,人工,19.0,0.0,视频中发生了抢劫的犯罪行为。在一个房子院内，一个灰白头发秃顶身穿黑白格纹蓝色长裤的男士A和一个金色长发身穿蓝色外套黑色长裤的女士B，正把手上拿的东西放入白车后备箱，从左侧上方开过来一辆白色汽车停在院子前，下来三位犯罪分子一个戴着白色帽子身穿黑色上衣蓝色长裤的男士、一个戴着紫色帽子身穿绿色背心灰色长裤白色鞋子、一个带着黑色头套身穿蓝色背心灰色长裤的男士，拿着手枪挟持着A和B向右边房子，A拿着手枪光着上身下身穿蓝色内裤把犯罪分子赶出房子，犯罪分子从右上方逃走。,7.0,9.0,否,,2024-08-29 18:48:39
Shooting012_x264.mp4,LLM,27.0,37.0,枪击暴力和抢劫事件发生在现场。最初，顾客们正在超市收银台进行交易。顾客离开后，一个遥远的身影跑向该区域，挥舞着一支枪，并实施抢劫。这导致了恐慌性的反应，人群中包括一个显眼的超重白人男子逃离了现场。肇事者随后乘坐先前曾看到车厢敞开的车辆逃走。,,,,,
